{
  "meta": {
    "generated": "2025-11-09T06:01:55.824280Z",
    "version": "v1.1",
    "notes": "FarmVille-style buildings and offices"
  },
  "update_policy": {
    "global_data_update": [
      "monthly_game",
      "every_10min_real"
    ],
    "default": "monthly_game"
  },
  "buildings": [
    {
      "id": "town_hall",
      "name": "Town Hall (Mayor Office)",
      "type": "office",
      "description": "Central governance; unlocks policies and taxes",
      "max_level": 100,
      "npc_slots_min": 1,
      "npc_slots_max": 5,
      "base_build_time_hours": 4,
      "base_cost_gold": 5000,
      "base_cost_diamond": 0
    },
    {
      "id": "alliance_office",
      "name": "Alliance Office",
      "type": "office",
      "description": "Guild / Alliance management and cooperative features",
      "max_level": 80,
      "npc_slots_min": 1,
      "npc_slots_max": 5,
      "base_build_time_hours": 3,
      "base_cost_gold": 4000
    },
    {
      "id": "business_hub",
      "name": "Business Hub",
      "type": "office",
      "description": "Business contracts, marketplace and B2B contacts",
      "max_level": 80,
      "npc_slots_min": 1,
      "npc_slots_max": 5,
      "base_build_time_hours": 3,
      "base_cost_gold": 4500
    },
    {
      "id": "education_centre",
      "name": "Education Centre",
      "type": "office",
      "description": "Trains specialists and reduces research time",
      "max_level": 50,
      "npc_slots_min": 1,
      "npc_slots_max": 5,
      "base_build_time_hours": 6,
      "base_cost_gold": 6000
    },
    {
      "id": "barn",
      "name": "Barn",
      "type": "production",
      "description": "Primary storage & processing for crops",
      "max_level": 100,
      "npc_slots_min": 1,
      "npc_slots_max": 5,
      "base_build_time_hours": 2,
      "base_cost_gold": 2000
    },
    {
      "id": "silo",
      "name": "Silo",
      "type": "storage",
      "description": "Crop storage to reduce spoilage",
      "max_level": 50,
      "npc_slots_min": 1,
      "npc_slots_max": 3,
      "base_build_time_hours": 1,
      "base_cost_gold": 1000
    },
    {
      "id": "mill",
      "name": "Mill",
      "type": "processing",
      "description": "Converts raw crops to sellable goods",
      "max_level": 60,
      "npc_slots_min": 1,
      "npc_slots_max": 5,
      "base_build_time_hours": 3,
      "base_cost_gold": 2500
    },
    {
      "id": "market",
      "name": "Local Market",
      "type": "commerce",
      "description": "Sell produce and negotiate prices",
      "max_level": 80,
      "npc_slots_min": 1,
      "npc_slots_max": 5,
      "base_build_time_hours": 2,
      "base_cost_gold": 3000
    },
    {
      "id": "dock",
      "name": "Dock & Logistics",
      "type": "logistics",
      "description": "Enables trade and export",
      "max_level": 70,
      "npc_slots_min": 1,
      "npc_slots_max": 5,
      "base_build_time_hours": 4,
      "base_cost_gold": 5000
    }
  ]
}