{
  "meta": {
    "version": "v1.1",
    "notes": "commodity prices and currency sources"
  },
  "commodities": [
    {
      "id": "rice",
      "name": "Rice",
      "sell_price_gold": 5000,
      "harvest_time_minutes": 60,
      "yield_base": 10
    },
    {
      "id": "corn",
      "name": "Corn",
      "sell_price_gold": 3500,
      "harvest_time_minutes": 45,
      "yield_base": 8
    },
    {
      "id": "coconut",
      "name": "Coconut",
      "sell_price_gold": 8000,
      "harvest_time_minutes": 180,
      "yield_base": 5
    }
  ],
  "currency_sources": {
    "diamond": {
      "minigame_play": 1,
      "harvest_action": 1,
      "bundle_0_99": 400,
      "bundle_4_99": 2400,
      "bundle_9_99": 6000,
      "daily_cap": 150
    },
    "gold": {
      "sell_harvest": "computed",
      "daily_missions": 1000,
      "dice_play": 100
    }
  },
  "update_policy": {
    "global_data_update": "monthly_game",
    "alternate_real_minutes": 10
  }
}