{
  "meta": {
    "version": "v3.3-modified",
    "notes": "5-depth research tree tailored to buildings and offices"
  },
  "rules": {
    "max_level_per_node": 20,
    "diamond_currency": "true",
    "base_cost_level1": 30
  },
  "branches": [
    {
      "id": "agriculture",
      "name": "Agriculture",
      "linked_buildings": [
        "barn",
        "silo",
        "mill"
      ],
      "depth": [
        {
          "id": "agri_core",
          "name": "Agri Core",
          "effects": [
            "+crop_yield"
          ],
          "base_time_hours": 6,
          "base_cost_diamond": 30
        },
        {
          "id": "irrigation",
          "name": "Irrigation System",
          "effects": [
            "-water_use",
            "+stability"
          ],
          "base_time_hours": 12,
          "base_cost_diamond": 48
        },
        {
          "id": "bioseed",
          "name": "Bio Seed",
          "effects": [
            "+seed_quality",
            "+pest_resist"
          ],
          "base_time_hours": 24,
          "base_cost_diamond": 80
        },
        {
          "id": "soil_science",
          "name": "Soil Science",
          "effects": [
            "+fertility"
          ],
          "base_time_hours": 72,
          "base_cost_diamond": 160
        },
        {
          "id": "quantum_agri",
          "name": "Quantum Agri",
          "effects": [
            "endgame_yield_multiplier"
          ],
          "base_time_hours": 144,
          "base_cost_diamond": 400
        }
      ]
    },
    {
      "id": "research_school",
      "name": "Research & Education",
      "linked_buildings": [
        "education_centre",
        "town_hall"
      ],
      "depth": [
        {
          "id": "research_core",
          "name": "Research Core",
          "effects": [
            "-research_time"
          ],
          "base_time_hours": 6,
          "base_cost_diamond": 30
        },
        {
          "id": "technical_school",
          "name": "Technical School",
          "effects": [
            "npc_xp_gain"
          ],
          "base_time_hours": 12,
          "base_cost_diamond": 48
        },
        {
          "id": "university_programs",
          "name": "University Programs",
          "effects": [
            "unlock_high_tier_nodes"
          ],
          "base_time_hours": 24,
          "base_cost_diamond": 80
        },
        {
          "id": "think_tank",
          "name": "Think Tank",
          "effects": [
            "research_point_multiplier"
          ],
          "base_time_hours": 72,
          "base_cost_diamond": 160
        },
        {
          "id": "world_lab",
          "name": "World Lab",
          "effects": [
            "permanent_global_buffs"
          ],
          "base_time_hours": 144,
          "base_cost_diamond": 400
        }
      ]
    },
    {
      "id": "governance",
      "name": "Leadership & Governance",
      "linked_buildings": [
        "town_hall",
        "alliance_office"
      ],
      "depth": [
        {
          "id": "gov_core",
          "name": "Governance Core",
          "effects": [
            "+trust",
            "-corruption"
          ],
          "base_time_hours": 6,
          "base_cost_diamond": 30
        },
        {
          "id": "anti_corruption",
          "name": "Anti Corruption Agents",
          "effects": [
            "-leakage"
          ],
          "base_time_hours": 12,
          "base_cost_diamond": 48
        },
        {
          "id": "legislative_reform",
          "name": "Legislative Reform",
          "effects": [
            "policy_speed"
          ],
          "base_time_hours": 24,
          "base_cost_diamond": 80
        },
        {
          "id": "sovereign_policy",
          "name": "Sovereign Policy",
          "effects": [
            "nation_buff"
          ],
          "base_time_hours": 72,
          "base_cost_diamond": 160
        },
        {
          "id": "global_policy",
          "name": "Global Policy",
          "effects": [
            "global_governance_buff"
          ],
          "base_time_hours": 144,
          "base_cost_diamond": 400
        }
      ]
    }
  ]
}